<application>
  <component name="Trusted.Paths">
    <option name="TRUSTED_PROJECT_PATHS">
      <map>
        <entry key="C:\Users\adam_\AndroidStudioProjects\MyApplication" value="true" />
        <entry key="D:\Dev\BleCricketDemo\BluetoothLowEnergy" value="true" />
        <entry key="D:\Dev\ScoreboardControlApp" value="true" />
        <entry key="D:\Dev\ScoreboardControlAppOrg" value="true" />
        <entry key="D:\Dev\blessed-android" value="true" />
      </map>
    </option>
  </component>
  <component name="Trusted.Paths.Settings">
    <option name="TRUSTED_PATHS">
      <list>
        <option value="D:\Dev" />
      </list>
    </option>
  </component>
</application>