<application>
  <component name="DimensionService">
    <location key="WELCOME_SCREEN.2560.358.1920.1080" x="3148" y="300" />
    <size key="GridCell.Tab.0.right.0.0.2560.1440" width="2478" height="416" />
    <size key="GridCell.Tab.0.left.0.0.2560.1440" width="2478" height="416" />
    <size key="GridCell.Tab.0.center.0.0.2560.1440" width="2478" height="416" />
    <size key="GridCell.Tab.0.bottom.0.0.2560.1440" width="2478" height="416" />
    <size key="GridCell.Tab.1.left.0.0.2560.1440" width="2478" height="416" />
    <size key="GridCell.Tab.1.center.0.0.2560.1440" width="2478" height="416" />
    <size key="GridCell.Tab.1.right.0.0.2560.1440" width="2478" height="416" />
    <size key="GridCell.Tab.1.bottom.0.0.2560.1440" width="2478" height="416" />
  </component>
  <component name="WindowManager">
    <frame x="-8" y="-8" width="2576" height="1408" extendedState="6" />
  </component>
  <component name="WindowStateApplicationService">
    <state x="1077" y="321" width="440" height="681" key="FileChooserDialogImpl" timestamp="1732898960147">
      <screen x="0" y="0" width="2560" height="1392" />
    </state>
    <state x="1077" y="321" width="440" height="681" key="FileChooserDialogImpl/0.0.2560.1392/2560.-722.1920.1032/2560.358.1920.1032" timestamp="1732898960147" />
    <state x="3148" y="300" key="WELCOME_SCREEN" timestamp="1732267715597">
      <screen x="2560" y="-722" width="1920" height="1032" />
    </state>
    <state x="3148" y="300" key="WELCOME_SCREEN/0.0.2560.1392/2560.-722.1920.1032/2560.358.1920.1032" timestamp="1732267715597" />
  </component>
</application>